{
    "emoji_sentiment": [
        0.07097712576545771,
        0.24265967644053935,
        0.6863631977940029
    ],
    "word_sentiment": 0.4568692307692308,
    "like_engagement_ratios": [
        0.30845771144278605,
        0.3656716417910448,
        0.47761194029850745,
        0.19900497512437812,
        0.4079601990049751,
        0.32338308457711445,
        0.22388059701492538,
        0.22388059701492538,
        0.18407960199004975,
        0.2462686567164179,
        0.19154228855721392,
        0.2512437810945274,
        0.24129353233830847,
        0.27860696517412936,
        0.21890547263681592,
        0.19900497512437812,
        0.26616915422885573,
        0.1865671641791045,
        0.2537313432835821,
        0.24875621890547264,
        0.1890547263681592,
        0.2064676616915423,
        0.236318407960199,
        0.20398009950248755,
        0.36069651741293535,
        0.3333333333333333,
        0.4129353233830846,
        0.27611940298507465,
        0.3656716417910448,
        0.30597014925373134,
        0.2736318407960199,
        0.25870646766169153,
        0.27114427860696516,
        0.3880597014925373,
        0.5447761194029851,
        0.6268656716417911,
        0.44776119402985076,
        0.5845771144278606,
        0.2835820895522388,
        0.24129353233830847,
        0.17412935323383086,
        0.18407960199004975,
        0.3009950248756219,
        0.4427860696517413,
        0.31094527363184077,
        0.9054726368159204,
        0.8930348258706468,
        0.44029850746268656,
        0.47761194029850745,
        0.48756218905472637,
        0.5621890547263682,
        0.39800995024875624,
        0.7164179104477612,
        0.3756218905472637,
        1.4328358208955223,
        0.8333333333333334,
        1.3930348258706469,
        1.1567164179104477,
        0.6069651741293532,
        0.6840796019900498,
        0.44029850746268656,
        0.554726368159204,
        0.4228855721393035,
        0.34328358208955223,
        0.2810945273631841,
        0.39800995024875624
    ],
    "comm_engagement_ratios": [
        0.004975124378109453,
        0.024875621890547265,
        0.017412935323383085,
        0.0,
        0.014925373134328358,
        0.007462686567164179,
        0.004975124378109453,
        0.0024875621890547263,
        0.004975124378109453,
        0.007462686567164179,
        0.004975124378109453,
        0.007462686567164179,
        0.0024875621890547263,
        0.0024875621890547263,
        0.004975124378109453,
        0.0024875621890547263,
        0.014925373134328358,
        0.004975124378109453,
        0.012437810945273632,
        0.004975124378109453,
        0.004975124378109453,
        0.0,
        0.0,
        0.0024875621890547263,
        0.007462686567164179,
        0.012437810945273632,
        0.014925373134328358,
        0.004975124378109453,
        0.004975124378109453,
        0.012437810945273632,
        0.009950248756218905,
        0.004975124378109453,
        0.0,
        0.012437810945273632,
        0.0,
        0.022388059701492536,
        0.012437810945273632,
        0.009950248756218905,
        0.009950248756218905,
        0.0024875621890547263,
        0.004975124378109453,
        0.0024875621890547263,
        0.0024875621890547263,
        0.004975124378109453,
        0.004975124378109453,
        0.03731343283582089,
        0.017412935323383085,
        0.012437810945273632,
        0.012437810945273632,
        0.017412935323383085,
        0.014925373134328358,
        0.007462686567164179,
        0.01990049751243781,
        0.0024875621890547263,
        0.009950248756218905,
        0.022388059701492536,
        0.007462686567164179,
        0.022388059701492536,
        0.012437810945273632,
        0.029850746268656716,
        0.012437810945273632,
        0.024875621890547265,
        0.004975124378109453,
        0.007462686567164179,
        0.012437810945273632,
        0.009950248756218905
    ],
    "top_industries": [
        [
            "art",
            27
        ],
        [
            "photography",
            10
        ],
        [
            "travel",
            8
        ],
        [
            "fashion",
            1
        ]
    ],
    "final_scores_dict": {
        "art": 4.745156455830217,
        "photography": 2.8973303688736953,
        "travel": 2.679939064525869,
        "fashion": 1.9190694993084778
    }
}