{
    "emoji_sentiment": [
        0.10687341249571418,
        0.2499828567030291,
        0.6431437308012568
    ],
    "word_sentiment": 0.4055410256410256,
    "like_engagement_ratios": [
        0.04472049689440994,
        0.02981366459627329,
        0.0422360248447205,
        0.05093167701863354,
        0.03975155279503106,
        0.03850931677018633,
        0.0484472049689441,
        0.02732919254658385,
        0.024844720496894408,
        0.0422360248447205,
        0.03229813664596273,
        0.02857142857142857,
        0.03850931677018633,
        0.02111801242236025,
        0.02857142857142857,
        0.02857142857142857,
        0.02981366459627329,
        0.02981366459627329,
        0.02111801242236025,
        0.03850931677018633,
        0.02236024844720497,
        0.02732919254658385,
        0.02608695652173913,
        0.02857142857142857,
        0.02981366459627329,
        0.02732919254658385,
        0.02236024844720497,
        0.01987577639751553,
        0.02732919254658385,
        0.02608695652173913,
        0.01987577639751553,
        0.034782608695652174,
        0.02732919254658385,
        0.024844720496894408,
        0.02360248447204969,
        0.0422360248447205,
        0.02857142857142857,
        0.02857142857142857,
        0.03602484472049689,
        0.0546583850931677,
        0.055900621118012424,
        0.055900621118012424,
        0.03354037267080745,
        0.043478260869565216,
        0.034782608695652174,
        0.05962732919254658,
        0.049689440993788817,
        0.043478260869565216,
        0.040993788819875775,
        0.03602484472049689,
        0.04472049689440994,
        0.09440993788819876,
        0.04720496894409938,
        0.07701863354037267,
        0.05714285714285714,
        0.0484472049689441,
        0.05341614906832298,
        0.04472049689440994,
        0.062111801242236024,
        0.04596273291925466,
        0.049689440993788817,
        0.043478260869565216,
        0.05714285714285714,
        0.04720496894409938,
        0.05962732919254658,
        0.05341614906832298,
        0.03975155279503106,
        0.0670807453416149,
        0.0670807453416149,
        0.11801242236024845,
        0.043478260869565216,
        0.11677018633540373,
        0.17515527950310558,
        0.09813664596273292,
        0.2683229813664596,
        0.12298136645962733,
        0.1453416149068323,
        0.37267080745341613,
        0.19254658385093168,
        0.16273291925465838,
        0.1565217391304348,
        0.16024844720496895,
        0.12546583850931678,
        0.18012422360248448,
        0.1763975155279503,
        0.34782608695652173,
        0.1763975155279503,
        0.2236024844720497,
        0.2745341614906832,
        0.2,
        0.15031055900621118,
        0.2186335403726708,
        0.2484472049689441,
        0.33291925465838507,
        0.19751552795031055,
        0.16149068322981366,
        0.0,
        1.1888198757763975,
        1.039751552795031,
        0.14906832298136646,
        1.0012422360248447,
        0.1031055900621118,
        0.11180124223602485,
        0.0670807453416149,
        0.07577639751552795,
        0.15900621118012423,
        0.21987577639751552,
        0.0782608695652174,
        0.20372670807453416,
        0.08198757763975155,
        0.11180124223602485,
        0.12422360248447205,
        0.07950310559006211,
        0.10186335403726708,
        0.1453416149068323,
        0.11428571428571428,
        0.11428571428571428,
        0.12546583850931678,
        0.17391304347826086,
        0.16024844720496895,
        0.13167701863354037,
        0.11801242236024845,
        0.15527950310559005,
        0.19627329192546583,
        0.0,
        0.306832298136646,
        0.0,
        0.5267080745341615,
        0.6881987577639752,
        0.30559006211180123,
        0.34782608695652173,
        0.0,
        0.0,
        0.4608695652173913,
        0.11304347826086956,
        0.18633540372670807,
        0.168944099378882,
        0.17391304347826086,
        0.0,
        0.1813664596273292,
        0.15031055900621118,
        0.14285714285714285,
        0.6285714285714286,
        0.20124223602484473,
        0.20496894409937888,
        0.22857142857142856,
        0.21987577639751552,
        0.17888198757763976,
        0.09192546583850932,
        0.12919254658385093,
        0.0,
        0.12422360248447205,
        0.19130434782608696,
        0.1453416149068323,
        0.15527950310559005,
        0.2,
        0.13540372670807455,
        0.14782608695652175,
        0.23975155279503105,
        0.14161490683229813,
        0.13664596273291926,
        0.19006211180124225,
        0.14906832298136646,
        0.15527950310559005,
        0.1763975155279503,
        0.1453416149068323,
        0.12422360248447205,
        0.14906832298136646,
        0.14409937888198757,
        0.16024844720496895,
        0.22111801242236026,
        0.1813664596273292,
        0.15527950310559005,
        0.17391304347826086,
        0.20745341614906831,
        0.10807453416149068,
        0.0,
        0.0,
        0.06086956521739131,
        0.09937888198757763,
        0.08944099378881988,
        0.09565217391304348,
        0.13540372670807455,
        0.0968944099378882,
        0.03354037267080745,
        0.043478260869565216,
        0.05093167701863354,
        0.03602484472049689,
        0.03229813664596273,
        0.03602484472049689,
        0.040993788819875775,
        0.02857142857142857,
        0.12919254658385093,
        0.0422360248447205,
        0.05714285714285714,
        0.16645962732919253,
        0.043478260869565216
    ],